algo,env_id,train_seed,n_episodes,reached_at_all_rate,reached_within_time_fraction_rate,avg_steps_to_reach,avg_min_distance,avg_final_distance
ddpg,Pusher-v5,0,50,0.0,0.0,,0.10688806522743269,0.11686959150714761
ddpg,Pusher-v5,1,50,0.0,0.0,,0.16580098551885147,0.174508720904071
ddpg,Pusher-v5,2,50,0.0,0.0,,0.11521255694591494,0.11585348675772558
ddpg,Pusher-v5,0,50,0.02,0.02,75.0,0.10237827756156329,0.11149040908123087
ddpg,Pusher-v5,1,50,0.02,0.02,98.0,0.10361410348685386,0.10542783141153622
ddpg,Pusher-v5,2,50,0.06,0.06,99.0,0.06583820165509634,0.06583844026958835
